<?xml version="1.0" encoding="UTF-8"?>
<definitions id="definitions" 
  xmlns="http://www.omg.org/spec/BPMN/20100524/MODEL"
  xmlns:activiti="http://activiti.org/bpmn"
  targetNamespace="Examples">
  
  <process id="exceptionHandling">
  
    <startEvent id="theStart" />
    <sequenceFlow id="flow1" sourceRef="theStart" targetRef="javaService" />
    
    <serviceTask id="javaService" 
                 name="Java service invocation" 
                 activiti:class="org.activiti.examples.bpmn.servicetask.ThrowsExceptionBehavior">            
    </serviceTask>
    
    <sequenceFlow id="no-exception" sourceRef="javaService" targetRef="theEnd" />
    <sequenceFlow id="exception" sourceRef="javaService" targetRef="fixException" />
  
    <userTask id="fixException" name="Fix Exception" />    
    <sequenceFlow id="flow4" sourceRef="fixException" targetRef="theEnd" />
    
    <endEvent id="theEnd" />
    
  </process>

</definitions>