<?xml version="1.0" encoding="UTF-8"?>
<definitions id="taskAssigneeExample" 
  xmlns="http://www.omg.org/spec/BPMN/20100524/MODEL"
  xmlns:activiti="http://activiti.org/bpmn"
  targetNamespace="Examples">
  
  <process id="taskAssigneeExampleProcess" name="Schedule meeting reminder">
  
    <startEvent id="theStart" />
    
    <sequenceFlow id="flow1" sourceRef="theStart" targetRef="theTask" />

    <userTask id="theTask" name="Schedule meeting" >
      <documentation>
        Schedule an engineering meeting for next week with the new hire.
      </documentation>
      <humanPerformer>
        <resourceAssignmentExpression>
          <formalExpression>kermit</formalExpression>
        </resourceAssignmentExpression>
      </humanPerformer>
    </userTask>
    
    <sequenceFlow id="flow2" sourceRef="theTask" targetRef="theEnd" />
    
    <endEvent id="theEnd" />
    
  </process>

</definitions>
